<?xml version="1.0" encoding="UTF-8"?>
<project-private xmlns="http://www.netbeans.org/ns/project-private/1">
    <editor-bookmarks xmlns="http://www.netbeans.org/ns/editor-bookmarks/2" lastBookmarkId="0"/>
    <open-files xmlns="http://www.netbeans.org/ns/projectui-open-files/2">
        <group>
            <file>file:/C:/Users/qwe/Documents/PROGRAMACION/GITHUB/CODE/ESPE202011-FP-GEO3285/Exams/Nueva%20Carpeta/ExamFPFreigth/src/ec/edu/espe/freight/view/FrmFreight.java</file>
            <file>file:/C:/Users/qwe/Documents/PROGRAMACION/GITHUB/CODE/ESPE202011-FP-GEO3285/Exams/Nueva%20Carpeta/ExamFPFreigth/src/ec/edu/espe/freight/model/Freight.java</file>
            <file>file:/C:/Users/qwe/Documents/PROGRAMACION/GITHUB/CODE/ESPE202011-FP-GEO3285/Exams/Nueva%20Carpeta/ExamFPFreigth/src/ec/edu/espe/freight/controller/FreightController.java</file>
            <file>file:/C:/Users/qwe/Documents/PROGRAMACION/GITHUB/CODE/ESPE202011-FP-GEO3285/Exams/Nueva%20Carpeta/ExamFPFreigth/src/utils/FileManager.java</file>
        </group>
    </open-files>
</project-private>
